,date,description,language,text,title
0,2022-08-30,"Elon Musk has filed an updated notice to kill his $44 billion Twitter acquisition by citing whistleblower Peiter Zatko, Twitter's former head of security. In a filing to the US Securities and Exchange Commission (SEC), Musk alleged that Twitter ""has not compl…",en,"Elon Musk has filed an updated notice to kill his $44 billion Twitter acquisition by citing whistleblower Peiter Zatko, Twitter's former head of security. In a filing to the US Securities and Exchang… [+1736 chars]",Elon Musk has a backup plan to kill his Twitter takeover
1,2022-09-07,A Delaware Court of Chancery judge rejected Elon Musk’s attempt to delay his trial over trying to break an agreement to buy Twitter for $44 billion. The judge will allow Musk to add new whistleblower claims to his countersuit.,en,"But he can add whistleblower claims to his lawsuit
Kristen Radtke / The Verge; Getty Images
A Delaware court has denied billionaire Elon Musks attempt to push back the October trial over his aborti… [+2575 chars]",Judge denies Elon Musk’s attempt to delay Twitter trial
2,2022-09-02,"Twitter had an ambitious plan to fight extremism on the platform. But leadership changes, and eventually the Elon Musk acquisition, changed the company’s priorities and left a potentially groundbreaking project named Redirect on the table.",en,"Illustration by Kristen Radtke / The Verge; Getty Images

 


 The company had an ambitious plan to fight extremism on the platform. So what happened to it? It had been a long pandemic for Twitter’s… [+10261 chars]",Twitter had a new plan to fight extremism — then Elon arrived
3,2022-09-28,"Elon Musk is set to unveil a prototype of the Tesla Bot on September 30th at Tesla’s AI Day. Experts, though, are skeptical about the machine’s capabilities. Will it do more than just walk across the stage? Here’s what they’re predicting.",en,"A rendering of the Tesla Bot. | Image: Tesla

 

 This Friday, Elon Musk is expected to unveil a prototype of his Optimus robot — better known as the Tesla Bot. When Musk announced last August that … [+7658 chars]",Elon Musk’s robot is going to have to work hard to impress at Tesla’s AI Day
4,2022-09-27,"In the battle over Twitter’s future, the number of bots on the platform is a key issue. Problem is, nobody knows how to count them.",en,"August 5 was not a normal day for Kaicheng Yang. It was the day after a US court published Elon Musks argument on why he should no longer have to buy Twitter. And Yang, a PhD student at Indiana Unive… [+2701 chars]",This Student’s Side Project Will Help Decide Musk vs. Twitter
5,2022-09-14,"Can the Twitter whistleblower save Elon Musk from buying Twitter for $44B? Dan Ives, senior director at Wedbush Securities, explains 4 possible scenarios for how Twitter and Musk's legal battle could play out in court.",en,,"4 ways Twitter and Musk court battle could end, explained"
6,2022-09-28,"Twitter is still having trouble curbing the spread of CSAM (child sexual abuse material). Insider has learned (subscription required) that Twitter inadvertently ran ads on profiles either selling or soliciting CSAM. In an email to marketers, the social networ…",en,Twitter is still having trouble curbing the spread of CSAM (child sexual abuse material). Insider has learned (subscription required) that Twitter inadvertently ran ads on profiles either selling or … [+1606 chars],Twitter says it inadvertently ran ads on profiles containing CSAM
7,2022-09-17,"Tesla has crossed another significant manufacturing milestone. As caught by Electrek
, the automaker shared on Saturday that its Texas Gigafactory recently produced its ten thousandth Model Y SUV
. The achievement could be good news for those hoping to buy …",en,"Tesla has crossed another significant manufacturing milestone. As caught by Electrek
, the automaker shared on Saturday that its Texas Gigafactory recently produced its ten thousandth Model Y SUV
.… [+1261 chars]","Tesla’s Texas Gigafactory made its 10,000th Model Y SUV"
8,2022-08-30,"Elon Musk has subpoenaed a Twitter Inc whistleblower, seeking documents and communications on the company's spam and alleged security vulnerabilities as the billionaire battles to end his agreement to buy Twitter for $44 billion, according to a court filing o…",en,"Posted 
Elon Musk has subpoenaed a Twitter Inc whistleblower, seeking documents and communications on the company's spam and alleged security vulnerabilities as the billionaire battles to end his ag… [+114 chars]",Elon Musk subpoenas Twitter whistleblower - Reuters
9,2022-09-08,"""Nightcap's"" Jon Sarlin talks with CNN's Clare Duffy about the latest developments in Elon Musk vs. Twitter. Plus, why disgraced Theranos founder Elizabeth Holmes wants a new trial. And companies want you back at the office. But EZPR's Ed Zitron argues they c…",en,,"Musk vs. Twitter, Elizabeth Holmes seeks new trial, and the battle over returning to the office"
10,2022-09-23,"Elon Musk announced that he was activating Starlink in response to U.S. Secretary of State Antony Blinken's tweet announcing the issuing of a General License to provide the Iranian people with access to digital communications. Teslarati reports: Currently, in…",en,"Even if you think everything else Elon Musk has done is worth nothing for some reason, the fact StarLink is around now and is working in places like Ukraine and Iran has been a huge blessing to the p… [+317 chars]",Elon Musk Activates Starlink For Iranian Citizens
11,2022-09-26,"Billionaire Elon Musk's tendency to dish out insults while being questioned under oath will be tested anew on Monday, when lawyers for Twitter Inc <a href=""https://www.reuters.com/companies/TWTR.N"" target=""_blank"">(TWTR.N)</a> are due to interview the Tesla I…",en,"WILMINGTON, Del, Sept 26 (Reuters) - Billionaire Elon Musk's tendency to dish out insults while being questioned under oath will be tested anew on Monday, when lawyers for Twitter Inc (TWTR.N) are du… [+4438 chars]","Twitter to interview Elon Musk, known for combative testimony - Reuters"
12,2022-09-07,"The $258 billion racketeering lawsuit accusing Elon Musk of running a pyramid scheme to support the cryptocurrency Dogecoin has expanded, adding seven new investor plaintiffs and six new defendants including his tunnel construction business Boring Co.",en,"NEW YORK, Sept 7 (Reuters) - The $258 billion racketeering lawsuit accusing Elon Musk of running a pyramid scheme to support the cryptocurrency Dogecoin has expanded, adding seven new investor plaint… [+1948 chars]",Elon Musk $258 billion Dogecoin lawsuit expands - Reuters
13,2022-09-13,"Despite Elon Musk's attempts to back out of the Twitter deal, the company's shareholders have voted to approve the takeover.",en,<ul><li>Twitter shareholders voted in favor of Elon Musk's acquisition of the company.</li><li>Twitter and Musk have fought over the latter's decision to pull out of the takeover.</li><li>A former em… [+1817 chars],Twitter shareholders vote in favor of Elon Musk buyout amid whistleblower testimony
14,2022-09-06,"Billionaire Elon Musk said the world's most Instagrammed superyacht installing SpaceX's Starlink satellite internet was ""cool.""",en,"Starlink, SpaceX's satellite internet, is now up and running on an Instagram-famous $30 million superyacht based in the Bahamas and the Caribbean.
Teslarati first reported the news. A spokesperson f… [+2258 chars]",A $30 million Instagram-famous superyacht in the Caribbean has installed Elon Musk's Starlink internet
15,2022-08-30,Indian billionaire Gautam Adani is in good company with Elon Musk and Jeff Bezos.,en,"The most elite billionaire's club has a new member in the top mix.
Gautam Adani, the owner and founder of Adani Group (a port development and operations conglomerate in India), took the third spot o… [+1510 chars]",The Billionaires Club Just Got a Little Bigger: Meet the Third Richest Man in the World
16,2022-08-30,"Elon Musk on Tuesday asked court permission to delay the Twitter Inc <a href=""https://www.reuters.com/companies/TWTR.N"" target=""_blank"">(TWTR.N)</a> trial by about a month to November, according to a court filing.",en,"Aug 30 (Reuters) - Elon Musk on Tuesday asked court permission to delay the Twitter Inc (TWTR.N) trial by about a month to November, according to a court filing.
Musk and Twitter have sued each othe… [+1310 chars]",Musk asks court to delay Twitter trial - court records - Reuters
17,2022-09-28,An animal rights group wants the University of California Davis to release nearly 400 photos of test monkeys they claim were tortured and abused during testing for Elon Musk’s Neuralink brain computer interface company.Read more...,en,An animal rights group wants the University of California Davis to release nearly 400 photos of test monkeys they claim were tortured and abused during testing for Elon Musks Neuralink brain computer… [+3882 chars],Rights Group Claims UC Davis Won't Release Photos Depicting Tortured Neuralink Monkeys
18,2022-08-29,"The National Labor Relations Board (NLRB) ruled it “unlawful” for Tesla to prohibit its employees from wearing union t-shirts or buttons at work, criticizing a company policy that required factory workers to dress in plain, black t-shirts or ones that bear th…",en,"The National Labor Relations Board (NLRB) ruled it unlawful for Tesla to prohibit its employees from wearing union t-shirts or buttons at work, criticizing a company policy that required factory work… [+1789 chars]","Tesla Can't Prevent Its Employees From Wearing Union Logo at Work, National Labor Board Ruled"
19,2022-09-20,"Jack Dorsey, the social media firms co-founder, was set to be deposed by lawyers from both sides on Tuesday morningTwitter will question Elon Musk under oath in Delaware next week as part of the litigation in the billionaire’s bid to walk away from his $44bn …",en,"Twitter will question Elon Musk under oath in Delaware next week as part of the litigation in the billionaires bid to walk away from his $44bn deal for the social media company.
A Tuesday filing in … [+976 chars]",Twitter to depose Elon Musk in takeover tug-of-war
20,2022-09-22,"Elon Musk told CNBC that patents were normally used as a ""blocking technique"" and prevented other companies from advancing.",en,"SpaceX CEO Elon Musk has once again spoken out against the use of patents, explaining that the company generally continues to avoid using them.
In an interview with CNBC, which aired on Wednesday ev… [+1465 chars]",Elon Musk says SpaceX avoids using patents to build rockets because they're for the 'weak' and block innovation
21,2022-09-22,"Peiter ""Mudge"" Zatko's whistleblower complaint against Twitter has become a central issue in Twitter's lawsuit against Elon Musk.",en,"A former Twitter executive recently became a whistleblower, calling out the company's allegedly lax security and professing that it indeed has a problem with the way it quantifies fake or spam accoun… [+3782 chars]",Twitter hunts for documents showing possible connection between Elon Musk and former executive turned whistleblower Peiter 'Mudge' Zatko
22,2022-08-29,"Tesla CEO Elon Musk outlined his top priorities on Monday -- including his goal of getting the electric auto maker's self-driving technology ready by year-end. Musk said he hopes it could be in wide release in the United States and possibly in Europe, dependi…",en,"Posted 
Tesla CEO Elon Musk outlined his top priorities on Monday -- including his goal of getting the electric auto maker's self-driving technology ready by year-end. Musk said he hopes it could be… [+94 chars]",Musk 'focused' on wide release of self-driving Teslas - Reuters
23,2022-09-15,"Billionaire Elon Musk accused Twitter Inc <a href=""https://www.reuters.com/companies/TWTR.N"" target=""_blank"">(TWTR.N)</a> of fraud by concealing serious flaws in the social media company's data security, which the entrepreneur said should allow him to end his…",en,"WILMINGTON, Del., Sept 15 (Reuters) - Billionaire Elon Musk accused Twitter Inc (TWTR.N) of fraud by concealing serious flaws in the social media company's data security, which the entrepreneur said … [+1822 chars]",Elon Musk accuses Twitter of security lapses in court filing - Reuters
24,2022-08-30,"Investors in Twitter <a href=""https://www.reuters.com/companies/TWTR.N"" target=""_blank"">(TWTR.N)</a> should vote to approve Elon Musk's $44 billion plan to buy the social media company, proxy advisory firm Institutional Shareholder Services (ISS) said on Tues…",en,"NEW YORK, Aug 30 (Reuters) - Investors in Twitter (TWTR.N) should vote to approve Elon Musk's $44 billion plan to buy the social media company, proxy advisory firm Institutional Shareholder Services … [+1546 chars]",Proxy advisor ISS recommends Twitter shareholders back sale to Musk - Reuters
25,2022-09-13,Elon Musk began buying more shares in Twitter in January. Now he and Twitter are embroiled in legal battles with no resolution in sight.,en,"Elon Musk and Twitter's chaotic saga rages on, and it's nowhere near resolved.
It's a tale that's spanned nine months beginning with Musk buying up Twitter shares in January, all the way to the comp… [+283 chars]","A timeline of Elon Musk's 9-month chaotic saga to buy Twitter, from him tweeting a poop emoji at the CEO to a whistleblower appearing before Congress"
26,2022-09-20,"Tesla <a href=""https://www.reuters.com/companies/TSLA.O"" target=""_blank"">(TSLA.O)</a> Chief Executive Elon Musk blamed overreliance on factory robots for sending the electric carmaker to ""production hell"" four years ago, saying humans were better at certain j…",en,"SAN FRANCISCO, Sept 20 (Reuters) - Tesla (TSLA.O) Chief Executive Elon Musk blamed overreliance on factory robots for sending the electric carmaker to ""production hell"" four years ago, saying humans … [+5486 chars]",Elon Musk faces skeptics as Tesla gets ready to unveil 'Optimus' robot - Reuters
27,2022-09-20,"The U.S. Treasury Department said on Tuesday some satellite internet equipment can be exported to Iran, suggesting that SpaceX CEO Elon Musk may not need a license to provide the firm's Starlink satellite broadband service in the country.",en,"WASHINGTON, Sept 20 (Reuters) - The U.S. Treasury Department said on Tuesday some satellite internet equipment can be exported to Iran, suggesting that SpaceX CEO Elon Musk may not need a license to … [+1733 chars]",U.S. Treasury says some satellite internet equipment can be exported to Iran - Reuters
28,2022-09-08,"Elon Musk said on Thursday that his company SpaceX had promising talks with Apple Inc <a href=""https://www.reuters.com/companies/AAPL.O"" target=""_blank"">(AAPL.O)</a> over using Starlink's satellite services to underpin the iPhone 14's new emergency SOS featur…",en,Sept 8 (Reuters) - Elon Musk said on Thursday that his company SpaceX had promising talks with Apple Inc (AAPL.O) over using Starlink's satellite services to underpin the iPhone 14's new emergency SO… [+1242 chars],Starlink had promising talks with Apple over emergency messaging feature -Musk - Reuters.com
29,2022-09-17,"Several of Elon Musk's close friends warned him against buying Twitter and worried he had taken on more than he could handle, Axios reported.",en,"LinkedIn cofounder Reid Hoffman said he was worried when he first learned of Elon Musk's plan to buy Twitter.
""I read the tweet and I think I had the reaction of most people, it was like, 'Oh my God… [+2297 chars]","LinkedIn founder and Elon Musk's longtime friend said he worried when he heard about the billionaire's decision to buy Twitter: 'It was like ""Oh my god, another huge problem""'"
30,2022-09-20,"Tesla's CEO Elon Musk is set to unveil its prototype humanoid robots at an event on Sept. 30, hoping to expand beyond self-driving cars that have not yet become reality despite his repeated promises.",en,"SAN FRANCISCO, Sept 20 (Reuters) - Tesla's CEO Elon Musk is set to unveil its prototype humanoid robots at an event on Sept. 30, hoping to expand beyond self-driving cars that have not yet become rea… [+2783 chars]","Factbox: The challenges automakers, and now Tesla, face with humanoid robots - Reuters"
31,2022-09-12,"A majority of Twitter Inc's <a href=""https://www.reuters.com/companies/TWTR.N"" target=""_blank"">(TWTR.N)</a> shareholders have voted in favor of the social media company's $44 billion sale to Elon Musk, people familiar with the tally said on Monday.",en,"Sept 12 (Reuters) - A majority of Twitter Inc's (TWTR.N) shareholders have voted in favor of the social media company's $44 billion sale to Elon Musk, people familiar with the tally said on Monday.
… [+1063 chars]","Most Twitter shareholders vote in favor of sale to Musk, sources say - Reuters"
32,2022-09-07,Elon Musk said the whistleblower's revelations give him fresh reasons to walk away from his $44 billion deal to buy Twitter.,en,"A Delaware judge on Wednesday ruled that Elon Musk's legal team can amend its countersuit against Twitter to include new details alleged by a former executive-turned-whistleblower last month. 
Chanc… [+2428 chars]",Elon Musk takes another loss in Twitter battle as his request to delay trial is denied — but judge says he can add whistleblower allegations to his suit
33,2022-08-30,Elon Musk and Twitter will face off over their pending $44 billion merger deal in Delaware Chancery Court starting October 17.,en,"Twitter shares slipped Tuesday after Elon Musk cited a whistleblower who spoke out against the social media company as another reason to exit his pending multi-billion dollar merger takeover.  
Shar… [+1844 chars]",Twitter stock slips as Elon Musk points to whistleblower's claims as cause to scrap his $44 billion buyout
34,2022-09-05,"Elon Musk called the male characters in ""The Rings of Power"" cowards. Amazon Studios invested over $1 billion in the series.",en,"Elon Musk isn't a fan of Amazon Studios' new ""The Lord of the Rings"" show, according to his latest tweets.
""Tolkien is turning in his grave,"" the billionaire said Monday. 
In another tweet, Musk we… [+997 chars]",Elon Musk bashes Amazon's 'The Lord of the Rings: The Rings of Power' saying 'Tolkien is turning in his grave'
35,2022-09-20,"Elon Musk will sit for a two to three-day deposition in Delaware next week and his go-to attorney, Alex Spiro, will also be questioned.",en,"Twitter is set to question Elon Musk under oath for the first time next week regarding the billionaire's attempts to abandon his $44 billion agreement to buy the social media company.
The deposition… [+2370 chars]","Twitter is about to get its first chance to question Elon Musk under oath, and it's making a rare move in also deposing his lawyer"
36,2022-09-20,"At its ""AI Day"" on Sept. 30, Tesla will unveil a prototype of its humanoid robot, Optimus, according to CEO Elon Musk, but experts are skeptical that it can show technological advances that would justify its expense. Lisa Bernhard produced this report.",en,"Posted 
At its ""AI Day"" on Sept. 30, Tesla will unveil a prototype of its humanoid robot, Optimus, according to CEO Elon Musk, but experts are skeptical that it can show technological advances that … [+61 chars]",Musk faces skeptics prior to 'Optimus' robot debut - Reuters
37,2022-08-31,A whistleblower complaint from Twitter's ex-head of cybersecurity has given Elon Musk's lawyers new avenues in his legal fight against the company.,en,"Elon Musk is pushing to delay the date of his trial with Twitter citing an explosive whistleblower complaint from the company's former head of cybersecurity.
Musk is in the middle of a legal battle … [+2387 chars]","Elon Musk is trying to get his Twitter trial delayed again, reports say"
38,2022-09-11,Jennifer Gwynne is auctioning a host of pictures she took of Elon Musk while they dated and studied at the University of Pennsylvania in the 1990s.,en,"They might have dated almost three decades ago, but Elon Musk's university girlfriend has decided that now is the right time to sell pictures she took of him back then.
Musk and Jennifer Gwynne bega… [+319 chars]",Elon Musk as you've never seen him before in candid pictures taken by his university girlfriend in the 1990s
39,2022-09-26,Twitter and Elon Musk are set to go to trial in October over the billionaire's attempt to back out of acquiring the social media company.,en,"Twitter's Parag Agrawal canceled on short notice a scheduled deposition as part of his company's lawsuit against Elon Musk, frustrating the billionaire's legal team, people familiar with the case tol… [+1869 chars]",Elon Musk's legal team is frustrated after Twitter's CEO cancels his deal deposition on short notice
40,2022-09-06,"The professor told New York Magazine that Elon Musk ""would be a pain in the butt as a client because he often leaps before he looks.""",en,"Elon Musk's legal battles have become fodder for law students.
Stephen Bainbridge, a corporate law professor at the University of California Los Angeles, has launched a class called the ""Law of Elon… [+2240 chars]",UCLA's law school is offering a class on Elon Musk and all of his lawsuits
41,2022-09-06,"Private texts revealed in a hearing on Tuesday show that Elon Musk said he wanted to ""slow down"" the deal as Russia had invaded Ukraine.",en,"Elon Musk wanted to ""slow down"" his $44 billion acquisition of Twitter months after Russia invaded Ukraine, saying in private texts that it wouldn't make sense to buy Twitter ""if we're heading into W… [+2839 chars]","Elon Musk cited Putin speech in private texts with a banker, saying the Twitter deal wouldn't make sense 'if we're heading into World War 3'"
42,2022-09-21,Twitter is facing an exodus of hundreds of workers after Elon Musk pitched them his vision for the company three months ago. We explain why.,en,"It's Wednesday. I'm your host, Jordan Parker Erb. And you, reader, are in for lots of tech news. 
But first, with Climate Week underway here in New York City, I wanted to highlight a major project f… [+4658 chars]",Why hundreds of Twitter workers are fleeing the company
43,2022-09-27,"Twitter and Elon Musk have been arguing over the number of fake accounts on the social media service, a part of their $44 billion deal battle.",en,"Elon Musk's own data scientists failed to find a lot of ""bots"" on Twitter, and certainly well below the billionaire's public estimates, according to lawyers for the social media company.
The day bef… [+3334 chars]","Elon Musk's own data scientists couldn't find many bots on Twitter, and he hid that crucial information, the company says"
44,2022-09-26,"Billionaire Elon Musk's tendency to dish out insults while being questioned under oath will be tested again on Monday, as lawyers for Twitter interview the Tesla CEO about his abrupt decision in July to ditch his $44 billion deal for the social media company.…",en,"Posted 
Billionaire Elon Musk's tendency to dish out insults while being questioned under oath will be tested again on Monday, as lawyers for Twitter interview the Tesla CEO about his abrupt decisio… [+104 chars]","Twitter deposes Musk, known for ornery testimony - Reuters"
45,2022-08-29,"Elon Musk told a group in Norway that while sustainable energy is vital, the world needs oil and gas in the ""short-term.""",en,"Elon musk, a self-proclaimed champion of sustainable energy, said in Norway Monday that the world needs oil and gas for the moment ""otherwise civilization will crumble,"" according to Reuters.
Musk w… [+1992 chars]",Elon Musk Says We Need Oil and Gas for the Moment or 'Civilization Will Crumble'
46,2022-08-30,"Twitter whistleblower Peiter Zatko will be deposed by Elon Musk's lawyers, Zatko's lawyers confirmed in a statement.",en,"Peiter Zatko a.k.a. ""Mudge,"" Twitter's ex-head of cybersecurity, who filed an explosive whistleblower complaint against the company, has officially been drawn into the legal battle between the social… [+2489 chars]",Elon Musk has subpoenaed Twitter whistleblower Peiter Zatko amid his legal battle with the platform
47,2022-09-06,"A trial over Elon Musk's bid to end his $44 billion deal for Twitter Inc <a href=""https://www.reuters.com/companies/TWTR.N"" target=""_blank"">(TWTR.N)</a> should be delayed by several weeks to allow the billionaire to investigate a whistleblower's claims about …",en,"WILMINGTON, Del., Sept 6 (Reuters) - A trial over Elon Musk's bid to end his $44 billion deal for Twitter Inc (TWTR.N) should be delayed by several weeks to allow the billionaire to investigate a whi… [+2461 chars]",Musk's lawyer urges judge to delay Twitter trial due to whistleblower - Reuters
48,2022-09-18,"A court in Delaware will decide whether the Tesla chief can back out of his $44bn offer to buy the platformAs the Twitter whistleblower Peiter Zatko was telling US lawmakers of “egregious” security failings at the company last Tuesday, shareholders in the soc…",en,"As the Twitter whistleblower Peiter Zatko was telling US lawmakers of egregious security failings at the company last Tuesday, shareholders in the social media platform overwhelmingly voted to hand t… [+5897 chars]",Whistleblower claims may not free Elon Musk from his Twitter hook
49,2022-09-27,Musk to be questioned under oath by Twitter lawyers on 6 and 7 October in preparation for trial over abandoned $44bn takeoverElon Musk is scheduled to be questioned under oath by Twitter lawyers next month as the social media company prepares for a trial over…,en,"Elon Musk is scheduled to be questioned under oath by Twitter lawyers next month as the social media company prepares for a trial over the billionaires bid to walk away from a $44bn takeover, accordi… [+1484 chars]",Elon Musk deposition in Twitter fight rescheduled for first week of October
50,2022-09-22,The world's richest man was responding to a Twitter thread on Wednesday that highlighted the family background of the Tesla and SpaceX CEO.,en,"The world's richest man said he and his brother have bankrolled their father, Errol Musk, since he ""ran out of money in the 90s.""
In a tweet on Wednesday, Elon Musk said: ""My brother &amp; I financi… [+1663 chars]",Elon Musk says he and his brother have financially supported their 76-year-old father Errol since he 'ran out of money in the 1990s'
51,2022-08-30,"Elon Musk has sent an additional letter of deal termination to Twitter Inc <a href=""https://www.reuters.com/companies/TWTR.N"" target=""_blank"">(TWTR.N)</a> after the world's richest person subpoenaed a whistleblower seeking documents on how the social media co…",en,Aug 30 (Reuters) - Elon Musk has sent an additional letter of deal termination to Twitter Inc (TWTR.N) after the world's richest person subpoenaed a whistleblower seeking documents on how the social … [+1801 chars],Musk sends fresh letter to scrap Twitter deal after whistleblower claims - Reuters
52,2022-09-14,"The billionaire Tesla CEO is encouraging his followers to ""blow the whistle.""",en,"If you're looking to burn 1,000 Dogecoin (or approximately $60), Elon Musk has a new product for you.
The billionaire Tesla CEO and SpaceX founder just launched a limited-edition Tesla Cyberwhistle,… [+1297 chars]",Elon Musk Launches New Product Poking Fun at His Twitter Lawsuit — and It's Already Sold Out
53,2022-09-15,Multiple experts told Insider the whistleblower's Senate hearing did little to aid Elon Musk's argument for getting out of his Twitter purchase.,en,"Elon Musk's legal team amended its countersuit against Twitter to include explosive claims from a former employee, but legal experts say the whistleblower's testimony on Tuesday might have been more … [+4036 chars]","The whistleblower hearing was more of a win for Twitter than Elon Musk in their $44 billion court battle, some experts say"
54,2022-09-12,"Twitter Inc <a href=""https://www.reuters.com/companies/TWTR.N"" target=""_blank"">(TWTR.N)</a> said on Monday payments made to a whistleblower did not breach any terms of its $44 billion buyout by Elon Musk, after the world's richest man cited the move as anothe…",en,"Sept 12 (Reuters) - Twitter Inc (TWTR.N) said on Monday payments made to a whistleblower did not breach any terms of its $44 billion buyout by Elon Musk, after the world's richest man cited the move … [+1358 chars]","Twitter responds to Musk's letter, says it did not breach deal obligations - Reuters"
55,2022-08-29,"The world's richest man says he took the advice of a ""good friend"" and now feels healthier after trying intermittent fasting to lose weight.",en,"After being photographed shirtless and slightly out of shape in the Greek islands in July, Elon Musk says he has tried intermittent fasting and now feels healthier. 
In a tweet on Sunday, the world'… [+1770 chars]",Elon Musk says he's lost 20 pounds after trying intermittent fasting and now feels healthier
56,2022-09-15,"Musk has been attempting to back out of the deal, citing concerns about bots on the platform and the security of its user data.",en,"Tesla CEO Elon Musk speaks in March 2019 before unveiling the Model Y at Tesla's design studio in Hawthorne, Calif.. Musk's legal team is demanding to hear from a whistleblowing former Twitter execut… [+2087 chars]",Twitter shareholders have approved the $44 billion sale to Elon Musk
57,2022-09-20,"Twitter Inc <a href=""https://www.reuters.com/companies/TWTR.N"" target=""_blank"">(TWTR.N)</a> will question Elon Musk under oath in Delaware next week as part of the litigation in the billionaire's bid to walk away from his $44 billion deal for the social media…",en,"WILMINGTON, Del, Sept 20 (Reuters) - Twitter Inc (TWTR.N) will question Elon Musk under oath in Delaware next week as part of the litigation in the billionaire's bid to walk away from his $44 billion… [+1254 chars]",Twitter to depose Elon Musk in Delaware on Sept. 26-27 - Reuters
58,2022-09-28,"Lawyers for Elon Musk urged a federal appeals court to throw out a provision in his 2018 consent decree with the U.S. Securities and Exchange Commission requiring a Tesla Inc <a href=""https://www.reuters.com/companies/TSLA.O"" target=""_blank"">(TSLA.O)</a> lawy…",en,"NEW YORK, Sept 27 (Reuters) - Lawyers for Elon Musk urged a federal appeals court to throw out a provision in his 2018 consent decree with the U.S. Securities and Exchange Commission requiring a Tesl… [+499 chars]","Elon Musk seeks to narrow SEC consent decree, end pre-approval of tweets - Reuters"
59,2022-09-03,"Elon Musk's ex-partner Grimes tweeted that their son has destroyed all of his toys because the boosters do not fall off when he ""launches"" them.",en,"Elon Musk's two-year-old son appears to have the same fascination with rockets and going into space as his father.
Grimes, the mother of two of the SpaceX CEO's children, tweeted that their son gets… [+1362 chars]",Elon Musk's 2-year-old son gets frustrated when his toy rockets fail to reach orbit because they're too heavy
60,2022-08-29,"He recently told Joe Rogan's podcast that he liked ""tasty food"" and didn't enjoy exercise.",en,"After being photographed shirtless and slightly out of shape in the Greek islands in July, Elon Musk says he has tried intermittent fasting and now feels healthier.
Reuters via BI
In a tweet on Sun… [+1809 chars]",Elon Musk Says He's Lost 20 Pounds After Trying Intermittent Fasting and Now Feels Healthier
61,2022-09-20,"NASA Administrator Bill Nelson seems to have come around to the private space industry. In an interview with Newsweek, Nelson praised SpaceX for its progress in the spacefaring realm while criticizing Boeing for its much-delayed Starliner spacecraft.Read more…",en,"NASA Administrator Bill Nelson seems to have come around to the private space industry. In an interview with Newsweek, Nelson praised SpaceX for its progress in the spacefaring realm while criticizin… [+3005 chars]",'Guess Who's Still on the Ground?': NASA Administrator Taunts Boeing's Failure to Launch Starliner
62,2022-09-12,"If you're willing to fork over hundreds or even thousands of dollars, you could get a signed birthday card or emerald necklace reportedly gifted from the richest man in the world.",en,"People often sell (or pawn) expensive items from past relationships, but old photographs and mementos are usually kept in a shoebox at the top of a closet.
But if your college ex goes on to become t… [+3065 chars]",'I Have Something Much Sexier': Elon Musk's Ex-Girlfriend Is Selling Photos and Mementos From College in the '90s in an Online Auction
63,2022-08-30,Tesla chief is trying to withdraw from his agreement to a $44bn takeover of the social media platformElon Musk has formally added last week’s whistleblower allegations against Twitter as a reason for terminating his $44bn (£37.7bn) takeover of the social medi…,en,"Elon Musk has formally added last weeks whistleblower allegations against Twitter as a reason for terminating his $44bn (£37.7bn) takeover of the social media platform.
Representatives of the Tesla … [+4940 chars]",Elon Musk adds whistleblower claims to list of reasons for ending Twitter deal
64,2022-09-08,"The Tesla and SpaceX CEO faces even more claims that his cryptocurrency was used as a ""pyramid scheme.""",en,"Back in June, former dogecoin investor, Keith Johnson, filed a lawsuit against Elon Musk, claiming the Tesla and SpaceX CEO ""falsely and deceptively"" promoted the currency, and effectively ""engaged i… [+1227 chars]",Elon Musk Is Being Sued For $200 Billion As Dogecoin Lawsuit Expands
65,2022-09-07,"Elon Musk can use a whistleblower's claims in his legal case against Twitter but the billionaire cannot delay a trial over his attempt to terminate his $44 billion deal for the company, a judge ruled Wednesday. This report produced by Chris Dignam.",en,"Posted 
Elon Musk can use a whistleblower's claims in his legal case against Twitter but the billionaire cannot delay a trial over his attempt to terminate his $44 billion deal for the company, a ju… [+57 chars]","Musk can use whistleblower claims, but can't delay Twitter trial - Reuters"
66,2022-09-21,"Burry has warned Tesla stock is hugely overvalued, and likened the buzz around Elon Musk's company to the hype during the dot-com and housing bubbles.",en,"Michael Burry revealed he's not betting against Tesla right now, but he sees a compelling case to wager against Elon Musk's electric-vehicle company.
""If I am tweeting this you can bet I am not shor… [+2480 chars]",'Big Short' investor Michael Burry reveals he isn't betting against Tesla right now - but says he should be
67,2022-09-09,"Elon Musk's lawyers said on Friday that Twitter Inc's <a href=""https://www.reuters.com/companies/TWTR.N"" target=""_blank"">(TWTR.N)</a>decision to pay $7.75 million to a whistleblower gives the world's richest person another justification for terminating his $4…",en,"WILMINGTON, Del., Sept 9 (Reuters) - Elon Musk's lawyers said on Friday that Twitter Inc's (TWTR.N)decision to pay $7.75 million to a whistleblower gives the world's richest person another justificat… [+1136 chars]",Musk says Twitter whistleblower payment is another reason to scrap merger - Reuters
68,2022-09-16,"Among the items sold was a 14-karat gold necklace with a small green emerald, which went for $51,008. A signed birthday sold for $16,643.",en,"A collection of photos and mementos from Elon Musk's ex-girlfriend sold for over $165,000 at auctions that closed Thursday.
Jennifer Gwynne and Musk dated the fall semester of 1994 to 1995 at the Un… [+1577 chars]","Elon Musk's college girlfriend just sold a collection of his photos and mementos for more than $165,000 at auction"
69,2022-09-10,The billionaire's lawyers sent Twitter a letter arguing a $7.75 million severance payment to Peiter 'Mudge' Zatko breached the deal signed in April.,en,"Elon Musk found a new reason to walk away from buying Twitter. This time it's a huge severance package the company paid to a former executive who recently accused it of serious security flaws.
In a … [+3384 chars]",Elon Musk dreams up a new way to squirm out of his $44 billion Twitter acquisition agreement
70,2022-09-10,"""He has a tendency to latch onto communities that he can then kind of absorb into his cult of personality,"" Jackson Palmer said.",en,"Dogecoin co-creator Jackson Palmer said it bothered him when Elon Musk and WallStreetBets' copycat Reddit group SatoshiBets attempted to send the meme currency ""to the moon"" last year.
In an intervi… [+3349 chars]",Dogecoin creator says it 'annoyed' him when Elon Musk tried to send the cryptocurrency 'to the moon'
71,2022-09-02,"Twitter has rather tentatively announced it’ll bring an edit button to users, but not for a while. First, it’s being tested by the platform’s employees, then it will slowly roll out to paying customers who subscribe to Twitter Blue. After the better part of t…",en,"Twitter has rather tentatively announced itll bring an edit button to users, but not for a while. First, its being tested by the platforms employees, then it will slowly roll out to paying customers … [+3334 chars]",The Morning After: Twitter’s edit button is real
72,2022-09-20,"People in Iran have been reporting network disruptions amid protests over the death of a 22-year-old woman, who died in police custody last week.",en,"Satellite-internet service Starlink will request exemptions from sanctions against Iran to provide service in the country, SpaceX CEO Elon Musk said on Monday on Twitter.
Musk was responding to a qu… [+1566 chars]",Elon Musk said Starlink will request exemptions from Iran sanctions to provide internet services amid anti-government protests after a woman died in police custody
73,2022-08-30,"Tesla Inc <a href=""https://www.reuters.com/companies/TSLA.O"" target=""_blank"">(TSLA.O)</a> Chief Executive Elon Musk has set his young company on an aggressive expansion path like no other auto executive has dreamed - but one riddled with potholes and road blo…",en,"DETROIT, Aug 30 (Reuters) - Tesla Inc (TSLA.O) Chief Executive Elon Musk has set his young company on an aggressive expansion path like no other auto executive has dreamed - but one riddled with poth… [+5080 chars]",Analysis: Musk's bold goal of selling 20 mln EVs could cost Tesla billions - Reuters
74,2022-08-29,"Tesla's chief executive conceded that its self-driving technology was still under regulatory scrutiny when speaking in Norway on Monday, per Reuters.",en,"Elon Musk said he wants fully self-driving Teslas to go on sale by the end of this year. 
Speaking at a conference in Norway on Monday, he said he aimed to have the electric cars ready by Christmas … [+1511 chars]",Elon Musk wants fully self-driving Teslas to go on sale by Christmas
75,2022-09-26,The billionaire's latest filing with the FCC aims to bring internet access to even the most remote routes.,en,"As Elon Musk continues to attempt to infiltrate as many industries as possible, his latest endeavors with internet company Starlink are showing just how far Musk is willing to go.
Dimitrios Kambouri… [+2003 chars]",Elon Musk Wants to Give Internet Access to Students on School Buses
76,2022-09-06,The secret behind Elon Musk's goal of selling 20 million Tesla's a year by 2030 lies in its pioneering battery technology.,en,"Sept 6 (Reuters) - The secret behind Elon Musk's goal of selling 20 million Tesla's a year by 2030 lies in its pioneering battery technology.
The good news is that by using bigger cells and a new pr… [+7960 chars]",Inside Tesla's drive to keep Musk's battery promise - Reuters
77,2022-09-19,"SpaceX has 3,000 satellites in orbit with plans to launch roughly 40,000 more.",en,"Billionaire SpaceX founder Elon Musk is determined to build his sprawling Starlink satellite internet network, but, naturally, he's faced some setbacks along the way.
Back in February, 38 of Musk's … [+1582 chars]","Space Storms Destroy Elon Musk's Starlink Satellites, and the Problem Is About to Get Worse"
78,2022-08-31,Royal Caribbean says it will use SpaceX's Starlink internet system for its entire fleet.,en,"By Annabelle LiangBusiness reporter
Cruise giant Royal Caribbean says it will tie up with Elon Musk's rocket company SpaceX, using its Starlink system to offer faster internet at sea.
Guests typica… [+1681 chars]",Royal Caribbean partners with SpaceX for faster internet
79,2022-09-19,SpaceX was recently denied an $886 million subsidy from the Federal Communications Commission to expand the Starlink internet service.,en,"Elon Musk said SpaceX's satellite internet service, Starlink, was available on every continent, meaning it had reached its goal of providing worldwide coverage.
The SpaceX CEO tweeted late on Sunday… [+1439 chars]",Elon Musk says SpaceX's Starlink internet is active on all 7 continents
80,2022-09-08,Twitter reportedly paid whistleblower Peiter Zatko the settlement days before he filed his whistleblower complaint in July. He was fired in January.,en,"The whistleblower who has become an instrumental part of Elon Musk's legal battle with Twitter was paid a $7 million settlement by the company in June, the Wall Street Journal reports. 
Peiter Zatko… [+1383 chars]",The whistleblower helping fuel Elon Musk's legal battle against Twitter reportedly got a $7 million settlement in June after he was fired
81,2022-09-28,"Home prices in Austin, Texas have surged since 2020, as remote work options and low taxes, spurred new interest in the area.",en,"Grimes slammed rising housing prices in Austin, Texas in a Twitter thread on Tuesday.
The singer, who's legal name is Claire Boucher, said she wouldn't be able to afford a house in the city that cou… [+2683 chars]",Grimes says she couldn't afford a house in Austin without Elon Musk's help
82,2022-09-16,"SpaceX wants to show the world its Starlink satellite system can deliver Netflix and YouTube at 30,000 feet. So it recently held a demo for the media aboard a jet operated by its first airline customer, regional carrier JSX. From a report: The short jaunt fro…",en,"An upside for Starlink is its signals arrive sooner
Reduced latency is a benefit, but not the main concern. If the satellite orbit is lower, it will cover a smaller surface of Earth, and will serve … [+316 chars]",Elon Musk Enters In-Flight Wi-Fi Market With Small Satellites
83,2022-08-29,CEO of the world's biggest electric car maker told a conference there should be more drilling in the North Sea to battle energy insecurity.,en,"Elon Musk said the world still needs oil and gas in order to avoid civilization from crumbling, Reuters reported.
He made the comments at an oil and gas conference in Stavanger, Norway and also muse… [+1889 chars]",Elon Musk says the world still needs to use oil and gas to stop civilization from crumbling
84,2022-09-26,Oracle cofounder Larry Ellison is a longtime friend of Musk and had pledged $1 billion to the Twitter purchase.,en,"Elon Musk was texting with Larry Ellison all night and ""into the early morning hours"" before he said his $44 billion agreement to purchase Twitter was ""temporarily on hold.""
Musk's phone company rec… [+2920 chars]","Elon Musk was texting Larry Ellison 'into the early morning hours' just before announcing his Twitter purchase was on hold, a new court filing says"
85,2022-09-14,The world's richest men were not immune to Tuesday's market dip.,en,"Investors are feeling the effects of new inflation data and hiked interest rates that hit US markets this week and the richest people in the world are not immune.
Gareth Cattermole/Getty ImagesGaret… [+1317 chars]","Jeff Bezos, Elon Musk Lose a Combined $18 Billion Amid Inflation, Stock Market Drop"
86,2022-09-12,The tech billionaire tweeted about a possible collaboration with Apple on satellite technology for the iPhone 14.,en,"In response to a Twitter user suggesting Apple and SpaceX partner up for the new iPhone 14's emergency SOS feature, Elon Musk wrote that SpaceX has had some ""promising conversations"" with Apple, writ… [+1395 chars]",Elon Musk Says There Have Been 'Promising Conversations' About a SpaceX and Apple Collab
87,2022-09-02,"""Both lower fertility and smaller populations should be celebrated rather than feared,"" Prof. Alice Reid of Cambridge University told Insider.",en,"Elon Musk has a thing about birth rates. 
The Tesla billionaire and world's richest man frequently tweets about what he calls ""population collapse,"" arguing we as a species need to increase our fert… [+3537 chars]",Elon Musk says 'population collapse' is more dangerous than global warming. Experts say that won't happen.
88,2022-09-15,Kanye West has been critical of Gap on social media. His lawyers notified the retailer on Thursday of his plans to end the deal.,en,"Kanye West is taking a page out of Elon Musk's book. On Thursday, lawyers for the artist who now goes by Ye sent clothing retailer Gap a notice to terminate his partnership, The Wall Street Journal f… [+1001 chars]","Kanye West is pulling an Elon Musk, sends Gap a letter terminating Yeezy deal"
89,2022-08-30,"A leaked internal memo reportedly found that Twitter fails to detect illegal sexual content, leading the company to scrap plans for an OnlyFans copy.",en,"This past May, just a few weeks after Elon Musk agreed to purchase Twitter, the company reportedly quietly shut down plans to build an OnlyFans copy, citing one main reason: Twitter's growing problem… [+2026 chars]","In the weeks after Elon Musk agreed to buy Twitter, the company reportedly shelved a plan to compete with OnlyFans due to its struggles detecting child sexual abuse imagery"
90,2022-09-27,"UC Davis and Elon Musk's company Neuralink have refuted the claims its test animals experienced ""extreme suffering"" in the past.",en,"An animal-rights group that is suing the University of California, Davis over experiments conducted for Neuralink says the university has 371 photos related to experiments on monkeys that were perfor… [+3030 chars]",Animal rights group seeks release of 185 pictures related to the autopsies of animals that died during experiments for Elon Musk's Neuralink
91,2022-09-06,"Prime Video premiered its Lord of the Rings adaptation, ""The Rings of Power,"" last week -- and reviews from fans haven't been great.",en,"Amazon's long-anticipated The Lord of the Rings prequel series, The Rings of Power, premiered on Sept. 2, and viewers are tuning in.
Ben Rothstein/Prime Video via Amazon StudiosBen Rothstein/Prime V… [+2229 chars]",'Tolkien is Turning in His Grave': Elon Musk Slams Jeff Bezos' Latest Project
92,2022-09-09,Judge McCormick chastised Musk in an opinion for not handing over all his texts that were requested during Twitter's legal discovery.,en,"Elon Musk's legal fight with Twitter just got dealt another setback.
Musk agreed to buy Twitter for $44 billion in April, but announced in July he intended to walk away from the deal. Twitter sued M… [+1597 chars]","Elon Musk got told off by the judge in his Twitter case for holding back texts, and Twitter can now get his phone records"
93,2022-09-08,"Fully fledged self-driving technology appears to be pepetually just around the corner. It is a promise that the Tesla chief executive, Elon Musk, has made almost every year since 2013. But in the real world, it is still an open question whether level five sel…",en,"Fully fledged self-driving technology appears to be pepetually just around the corner. It is a promise that the Tesla chief executive, Elon Musk, has made almost every year since 2013. But in the rea… [+254 chars]",Why self-driving cars have stalled – video
94,2022-08-30,Lawyers on behalf of Musk said the whistleblower's allegations meant that Twitter had breached the conditions in the merger agreement,en,"Elon Musk has cited the recent accusations from a Twitter Inc. whistleblower as a new reason to terminate the $44 billion takeover of the social media platform.
Read more: What the Twitter Whistlebl… [+2273 chars]",Elon Musk Cites Whistleblower in Effort to Scrap Twitter Deal
95,2022-08-28,What does Athens have to do with Jerusalem—and what do either have to do with Silicon Valley?,en,"But today there is a third city affecting the other two. Silicon Valley, this third city, is not governed primarily by reason (it is practically the mark of a great entrepreneur to not be reasonable)… [+3708 chars]",The Three-City Problem of Modern Life
96,2022-09-06,Telling people to quit the platform is less effective than stopping influential elites from using the site in harmful ways.,en,"Politicians themselves, meanwhile, must assign Twitter its proper place in our constellation of online spaces. It is real life, but it is not a scientific poll. It represents a particular community o… [+3000 chars]","So, You Want Twitter to Stop Destroying Democracy"
97,2022-08-29,The billionaire's mother revealed her rather unusual sleeping arrangements when she comes to visit her son.,en,"There's nothing like a mother's love, and when you're the richest man in the world, you probably have a unique way of showing her you appreciate it.
Jeff Kravitz | Getty Images
For Elon Musk, that … [+2431 chars]",Elon Musk Makes His Mother Sleep in the Garage When She Visits: 'I've Done A Lot With the Place'
98,2022-09-08,The former Disney CEO commented on the number of fake accounts on the platform and explained why Disney ultimately cut the deal short.,en,"Elon Musk's original bid to purchase Twitter and make it a privately-owned company made waves among Twitter employees and most of the public.
Jerod Harris/Getty Images for Vox MediaJerod Harris/Gett… [+2205 chars]","Bob Iger Says Disney Was Set to Purchase Twitter in 2016, Musk Chimes In"
99,2022-09-12,"Experts previously said the whistleblower's complaint is unlikely to sway the case. Though, it could convince the Twitter to settle for a lower price.",en,"Twitter said on Monday in a letter to the Securities and Exchange Commission (SEC) that Elon Musk's third attempt to cancel his $44 billion agreement to buy the social media company is ""invalid and w… [+3478 chars]","Twitter slams Elon Musk's third attempt to get out of the deal as 'illegal.' Next up, more Musk texts could be made public and the whistleblower will testify."
